,deutsch,english
0,ich,I
1,sie,she
2,das,the
3,ist,is
4,du,you
5,nicht,not
6,die,the
7,es,it
8,und,and
9,der,the
10,wir,we
11,was,What
12,zu,to
13,er,he
14,ein,a
15,in,in
16,ja,Yes
17,mir,me
18,mit,with
19,wie,How
20,den,the
21,mich,me
22,auf,on
23,dass,that
24,aber,but
25,eine,one
26,so,so
27,hat,has
28,hier,here
29,haben,have
30,für,for
31,sind,are
32,war,was
33,von,from
34,wenn,if
35,dich,you
36,ihr,her
37,nein,no
38,habe,have
39,an,at
40,bin,am
41,noch,still
42,nur,only
43,da,there
44,dir,you
45,sich,itself
46,einen,a
47,uns,us
48,hast,have
49,dem,dem
50,kann,can
51,gut,good
52,auch,also
53,schon,already
54,als,as
55,sein,be
56,mal,just
57,jetzt,now
58,ihn,him
59,dann,then
60,aus,out of
61,meine,mine
62,um,around
63,im,in the
64,wird,becomes
65,mein,my
66,bist,are
67,doch,but
68,alles,everything
69,weiß,white
70,keine,no
71,oder,or
72,nach,after
73,s,S
74,nichts,nothing
75,man,man
76,muss,must
77,werden,become
78,will,want
79,ihnen,them
80,geht,goes
81,wo,where
82,etwas,something
83,oh,Oh
84,mehr,more
85,bei,at
86,also,so
87,bitte,please
88,immer,always
89,hab,have
90,warum,Why
91,vor,before
92,los,Come on
93,können,can
94,wieder,again
95,sagen,say
96,machen,make
97,danke,Thanks
98,sehr,very
99,alle,all
100,denn,because
101,mann,man
102,tun,do
103,ihm,him
104,zum,for the
105,gehen,go
106,sehen,see
107,vielleicht,perhaps
108,einem,a
109,wer,who
110,ihre,her
111,diese,this
112,euch,you
113,einer,one
114,komm,come
115,über,above
116,gibt,gives
117,okay,OK
118,wissen,knowledge
119,deine,your
120,müssen,must
121,soll,should
122,werde,become
123,nie,never
124,wirklich,really
125,hey,hey
126,kein,no
127,viel,much
128,weg,away
129,würde,would
130,tut,does
131,am,at the
132,des,of
133,einfach,simply
134,leben,life
135,hatte,had
136,zeit,time
137,weil,because
138,willst,want
139,kommen,come
140,dein,your
141,heute,today
142,kommt,comes
143,wollen,want
144,damit,with it
145,ganz,quite
146,wäre,were
147,wollte,wanted
148,weißt,white
149,ok,OK
150,sicher,secure
151,gesagt,said
152,frau,woman
153,nun,so
154,bis,until
155,wurde,became
156,leid,sorrow
157,na,
158,kannst,can
159,macht,might
160,dieser,this
161,zurück,back
162,lassen,let
163,hallo,Hello
164,meinen,mean
165,gott,God
166,seine,his
167,hätte,would have
168,zwei,two
169,könnte,could
170,genau,Exactly
171,waren,were
172,zur,to
173,lass,let
174,klar,clear
175,morgen,morning
176,leute,people
177,vater,father
178,schön,nice
179,glaube,believe
180,mr.,mr.
181,ab,away
182,gerade,straight
183,tag,Day
184,gesehen,seen
185,reden,talk
186,wohl,probably
187,liebe,love
188,sollte,should
189,sagte,said
190,unsere,our
191,jemand,someone
192,geld,money
193,durch,through
194,ob,if
195,keinen,no
196,mutter,mother
197,raus,out
198,gemacht,made
199,paar,couple
200,mach,make
201,passiert,happened
202,dachte,thought
203,besser,better
204,musst,must
205,wieso,how come
206,sir,sir
207,dieses,this
208,selbst,himself
209,gehört,heard
210,möchte,want
211,ohne,without
212,hör,listening
213,her,from
214,sag,say
215,meiner,mine
216,anderen,others
217,helfen,help
218,nacht,night
219,finden,find
220,diesen,this
221,gute,good
222,wirst,become
223,lange,long
224,natürlich,naturally
225,ach,Oh
226,meinem,my
227,gar,even
228,ins,into the
229,sei,be
230,dort,there
231,weiter,further
232,geben,give
233,seit,since
234,gleich,even
235,sagt,says
236,recht,right
237,ihren,your
238,richtig,correct
239,ordnung,order
240,vom,from the
241,hören,hear
242,sieht,sees
243,davon,of that
244,dafür,for that
245,geh,walk
246,diesem,this
247,wegen,because of
248,hause,home
249,sollten,should
250,mädchen,girl
251,hin,there
252,sollen,should
253,abend,evening
254,haus,a house
255,denke,think
256,viele,many
257,drei,three
258,deinen,yours
259,freund,friend
260,guten,good
261,unser,our
262,warte,wait
263,machst,do
264,menschen,people
265,essen,eat
266,angst,fear
267,bleiben,remain
268,zusammen,together
269,welt,world
270,unter,under
271,habt,have
272,schnell,fast
273,andere,other
274,tot,dead
275,getan,did
276,darf,may
277,erst,first
278,rein,pure
279,stimmt,true
280,nehmen,take
281,kinder,children
282,eines,one
283,glauben,believe
284,bringen,bring
285,ganze,whole
286,genug,enough
287,scheiße,Fuck
288,brauchen,need
289,gegen,against
290,moment,moment
291,junge,boy
292,steht,stands
293,sonst,otherwise
294,musik,music
295,arbeit,work
296,seid,are
297,ihrer,of their
298,fragen,questions
299,herr,Mr
300,dabei,included
301,heißt,is called
302,familie,family
303,warten,wait
304,niemand,no one
305,sofort,immediately
306,bevor,before
307,jahre,years
308,einmal,once
309,problem,problem
310,sohn,son
311,wann,When
312,brauche,need
313,fertig,complete
314,halt,stop
315,allein,alone
316,beim,at the
317,sprechen,speak
318,beide,both
319,gefunden,found
320,hatten,had
321,sache,matter
322,hilfe,help
323,verdammt,damned
324,ne,ne
325,jeder,everyone
326,warst,beings
327,gern,gladly
328,konnte,could
329,darüber,about it
330,halten,hold
331,siehst,see
332,verstehe,understand
333,jahren,years
334,kam,came
335,kind,child
336,wusste,knew
337,wahr,true
338,seinen,his
339,dazu,in addition
340,bruder,brother
341,daran,to it
342,ihrem,hers
343,denken,think
344,könnten,might
345,dank,thanks to
346,würden,would
347,lieber,Dear
348,fall,case
349,deiner,yours
350,sehe,see
351,egal,doesn't matter
352,kennen,know
353,deinem,yours
354,vergessen,forget
355,frage,ask
356,mache,make
357,komme,come
358,sage,legend
359,mag,like
360,sieh,see
361,echt,Really
362,gib,give
363,eigentlich,actually
364,jeden,every
365,dad,dad
366,gab,gave
367,uhr,clock
368,stadt,city
369,männer,men
370,baby,infant
371,fahren,drive
372,namen,names
373,bekommen,receive
374,kopf,head
375,hi,Hi
376,gehe,go
377,kleine,small
378,später,later
379,glück,happiness
380,letzte,last
381,freunde,friends
382,n,n
383,all,Alles
384,darauf,on it
385,ende,end
386,dr.,Dr.
387,bald,soon
388,töten,kill
389,dinge,things
390,meinst,mean
391,toll,Great
392,eins,one
393,minuten,minute
394,vielen,many
395,bereit,ready
396,weit,far
397,ahnung,idea
398,seiner,his
399,bisschen,a little
400,tür,door
401,auto,automobile
402,jungs,guys
403,eure,your
404,augen,eyes
405,polizei,police
406,stehen,stand
407,sterben,die
408,hätten,have
409,draußen,outside
410,kenne,know
411,fast,nearly
412,runter,down
413,vorbei,over
414,treffen,meet
415,gerne,gladly
416,dran,your turn
417,wurden,became
418,arbeiten,work
419,mom,mom
420,verrückt,crazy
421,neue,new
422,ging,went
423,hinter,behind
424,sorgen,care for
425,einzige,only
426,jemanden,someone
427,darum,therefore
428,tochter,daughter
429,braucht,needs
430,idee,idea
431,schwester,sister
432,drin,in it
433,ruhig,quiet
434,sah,saw
435,ganzen,entire
436,spät,late
437,ziemlich,quite
438,solltest,should
439,name,Surname
440,sogar,even
441,kurz,short
442,kerl,Guy
443,frauen,women
444,liegt,lies
445,suchen,seek
446,finde,find
447,je,ever
448,woher,from where
449,lang,long
450,job,job
451,keiner,none
452,seinem,his
453,hört,hear
454,verstehen,understand
455,spielen,play
456,s.,s.
457,überhaupt,at all
458,teufel,devil
459,verstanden,understood
460,verloren,lost
461,große,size
462,hand,hand
463,grund,reason
464,jahr,year
465,kommst,come
466,mama,mummy
467,ruhe,quiet
468,gewesen,been
469,tod,death
470,stunden,hours
471,hoffe,hope
472,denkst,thinking
473,oben,above
474,gestern,yesterday
475,versuchen,trying
476,art,kind
477,letzten,last
478,schatz,treasure
479,endlich,finally
480,he,hey
481,nimm,take
482,etwa,approximately
483,erzählt,told
484,läuft,running
485,schwer,difficult
486,anders,different
487,miss,miss
488,musste,had to
489,fünf,five
490,wasser,water
491,lässt,leaves
492,erste,first
493,versucht,tried
494,gekommen,came
495,geschichte,story
496,wenig,few
497,holen,fetch
498,bedeutet,means
499,nett,kind
500,wahrheit,truth
501,woche,week
502,bringt,brings
503,deshalb,for this reason
504,welche,which
505,bestimmt,certainly
506,hoch,high
507,alter,age
508,sagst,say
509,schau,look
510,ah,uh
511,land,country
512,zimmer,room
513,wagen,dare
514,vier,four
515,gefallen,fallen
516,spaß,fun
517,niemals,never
518,schuld,fault
519,getötet,killed
520,wollten,wanted to
521,verlassen,leave
522,zeigen,show
523,beste,best
524,ernst,serious
525,unserer,ours
526,denen,whom
527,ort,location
528,bleibt,remains
529,würdest,would
530,manchmal,sometimes
531,glaubst,believe
532,seite,page
533,lasst,leaves
534,zwischen,between
535,eben,even
536,während,while
537,spiel,game
538,nehme,take
539,ersten,first
540,guter,goods
541,chance,chance
542,freundin,girlfriend
543,krieg,war
544,gefällt,pleases
545,kleinen,small
546,erzählen,tell
547,anderes,other
548,tage,days
549,entschuldigen,excuse
550,wichtig,important
551,gehst,walking
552,allen,all
553,bett,bed
554,mrs.,Mrs.
555,sachen,things
556,the,the
557,schlecht,bad
558,schule,school
559,entschuldigung,excuse
560,wort,word
561,john,John
562,hättest,would have
563,wären,be
564,typ,Type
565,schlafen,sleep
566,äh,uh
567,tu,tu
568,euer,your
569,captain,captain
570,gesicht,face
571,falls,if
572,neuen,new
573,bloß,just
574,unten,below
575,teil,part
576,beiden,both
577,mensch,person
578,kleiner,smaller
579,stellen,place
580,oft,often
581,sorge,worries
582,gedacht,thought
583,tust,tust
584,trinken,drink
585,einige,some
586,dies,this
587,ding,thing
588,unseren,ours
589,kriegen,get
590,blut,blood
591,ehrlich,honest
592,eltern,parents
593,scheint,appears
594,herz,heart
595,jack,Jack
596,glücklich,happy
597,alte,old
598,alt,old
599,bleib,stay
600,wiedersehen,reunite
601,frei,free
602,wen,whom
603,drauf,on it
604,möglich,possible
605,irgendwie,somehow
606,reicht,suffices
607,fest,firmly
608,besten,best
609,waffe,weapon
610,kaum,barely
611,irgendwas,anything
612,klingt,sounds
613,platz,place
614,brauchst,needs
615,rede,speech
616,papa,father
617,falsch,incorrect
618,sondern,rather
619,alten,old
620,nummer,number
621,früher,earlier
622,jungen,boys
623,wohin,where
624,außer,except
625,früh,early
626,setzen,set
627,zuerst,first
628,wahrscheinlich,probably
629,dürfen,may
630,jede,every
631,arsch,ass
632,telefon,phone
633,tue,do
634,kennst,know
635,willkommen,welcome
636,plan,plan
637,großen,huge
638,retten,rescue
639,hierher,here
640,wär,would be
641,bring,bring
642,fehler,mistake
643,wollt,want
644,dollar,dollar
645,zehn,ten
646,allem,all
647,pass,passport
648,nächste,next
649,stunde,hour
650,hände,hands
651,gegeben,given
652,menge,crowd
653,langsam,slow
654,bereits,already
655,wartet,waiting
656,sechs,six
657,lieben,love
658,meines,mine
659,büro,office
660,nächsten,next
661,gebe,gift
662,wochen,weeks
663,ruf,call
664,schaffen,create
665,leider,unfortunately
666,scheiß,shit
667,hölle,hell
668,trotzdem,despite it
669,doktor,doctor
670,tja,well
671,new,new
672,voll,full
673,film,Movie
674,überall,everywhere
675,hund,dog
676,geworden,become
677,direkt,direct
678,wolltest,wanted
679,tat,did
680,denkt,thinks
681,schiff,ship
682,neues,new
683,wem,whom
684,könig,king
685,danach,thereafter
686,funktioniert,functions
687,hattest,hate
688,lernen,learn
689,deswegen,because of this
690,wow,Wow
691,nennen,to name
692,hm,Hm
693,feuer,fire
694,laufen,run
695,alleine,alone
696,erinnern,remember
697,völlig,fully
698,kleines,small
699,könnt,can
700,stelle,Job
701,kumpel,Dude
702,verlieren,lose
703,probleme,problems
704,spricht,speaks
705,kaffee,coffee
706,luft,air
707,fand,found
708,i,I
709,entschuldige,sorry
710,ziehen,pull
711,verschwinden,disappear
712,könntest,might
713,seht,look
714,aufhören,stop
715,eigenen,own
716,richtige,right one
717,unserem,ours
718,suche,search
719,zwar,that is
720,groß,large
721,hol,brow
722,buch,book
723,krank,sick
724,fühle,feel
725,jedes,every
726,verstehst,understand
727,wert,value
728,arzt,physician
729,froh,glad
730,versuche,try
731,straße,street
732,rufen,call
733,heiraten,marry
734,super,Excellent
735,sam,sam
736,lebt,lives
737,gutes,good
738,lasse,let
739,onkel,uncle
740,total,total
741,gebracht,brought
742,party,party
743,erklären,explain
744,spielt,plays
745,wahl,choice
746,vertrauen,trust
747,damals,at that time
748,tagen,days
749,leicht,light
750,nachdem,after
751,gegangen,gone
752,gefühl,feeling
753,kaufen,buy
754,geschafft,done
755,typen,guy
756,interessiert,interested
757,möchten,want
758,halte,hold
759,hält,holds
760,glaub,belief
761,irgendwo,somewhere
762,stück,piece
763,genauso,just as
764,kennt,knows
765,genommen,taken
766,zukunft,future
767,weniger,fewer
768,cool,cool
769,licht,light
770,getroffen,met
771,himmel,heaven
772,nachricht,news
773,drüben,over there
774,passt,fits
775,sagten,said
776,kümmern,take care
777,laut,loud
778,vergiss,forgetful
779,angerufen,called
780,sitzen,sit
781,daß,that
782,erde,earth
783,großer,greater
784,schlüssel,key
785,rest,rest
786,passieren,happen
787,eher,rather
788,gefragt,asked
789,gefängnis,jail
790,opfer,victim
791,körper,body
792,solche,such
793,mist,damn
794,mr,mr
795,findet,find
796,schreiben,write
797,böse,evil
798,gesprochen,spoken
799,versuch,attempt
800,vorstellen,introduce
801,wovon,About what
802,sobald,as soon as
803,nochmal,again
804,herren,Men's
805,sex,sex
806,waffen,weapons
807,wohnung,apartment
808,weh,sore
809,heißen,be called
810,krankenhaus,hospital
811,bringe,bring
812,höre,listen
813,millionen,millions
814,klasse,class
815,hart,hard
816,worden,gone
817,sinn,sense
818,außerdem,aside from that
819,verletzt,injured
820,ändern,change
821,erfahren,experience
822,tragen,carry
823,wenigstens,at least
824,vorsichtig,cautious
825,daddy,daddy
826,stolz,proud
827,stark,strong
828,fällt,fall
829,möchtest,want
830,leuten,people
831,besonders,particularly
832,schöne,lovely
833,schicken,send
834,person,person
835,schätze,appreciate
836,solange,as long as
837,länger,longer
838,großartig,great
839,lacht,laughs
840,anrufen,call
841,stand,was standing
842,redest,speech
843,fühlen,feel
844,erwartet,expected
845,boden,floor
846,boss,boss
847,stimme,agree
848,glaubt,believes
849,still,quiet
850,sicherheit,security
851,setz,setting
852,ma,MA
853,mund,mouth
854,kämpfen,battle
855,wisst,know
856,lachen,laugh
857,hörst,hear
858,zeug,things
859,lustig,funny
860,umbringen,kill
861,sollst,thorough
862,hasse,hate
863,schlimm,terrible
864,o,O
865,unglaublich,incredible
866,wärst,be
867,laden,load
868,führen,lead
869,gestorben,died
870,schauen,look
871,meinung,opinion
872,lesen,read
873,mörder,murderer
874,frank,frank
875,ähm,um
876,geschehen,happen
877,geschäft,business
878,idiot,idiot
879,verzeihung,forgiveness
880,fliegen,fly
881,zeig,show
882,team,team
883,general,general
884,mike,Mike
885,aufs,onto
886,york,York
887,vorher,previously
888,schluss,ending
889,schneller,more quickly
890,liebt,loved
891,verdient,earned
892,mögen,like
893,meisten,most
894,denk,think
895,umgebracht,killed
896,perfekt,perfect
897,versprochen,promised
898,handy,mobile
899,hinten,rear
900,monate,months
901,erinnere,remind
902,acht,eight
903,arbeitet,is working
904,fallen,fall
905,rufe,calls
906,nötig,necessary
907,a,A
908,mord,murder
909,heraus,out of here
910,tages,day
911,unmöglich,impossible
912,liebling,darling
913,charlie,Charlie
914,tatsächlich,actually
915,folgen,consequences
916,bitten,ask
917,behalten,keep
918,nähe,vicinity
919,arbeite,work
920,joe,Joe
921,verdammte,damn
922,plötzlich,suddenly
923,lebens,life
924,hole,hole
925,tisch,table
926,michael,Michael
927,hörte,heard
928,jemals,ever
929,liegen,lay
930,verkaufen,sell
931,gefährlich,dangerous
932,anfangen,begin
933,bekommt,receives
934,machte,made
935,ha,Ha
936,hotel,hotel
937,hilft,helps
938,werdet,become
939,meister,master
940,kampf,battle
941,antwort,answer
942,konnten,could
943,geschickt,sent
944,jedem,each
945,obwohl,although
946,sieben,seven
947,komisch,funny
948,gewinnen,win
949,ihres,hers
950,bezahlt,paid
951,you,You
952,voller,full of
953,unterwegs,on the way
954,dumm,dumb
955,ärger,aggravation
956,bild,picture
957,george,George
958,neu,new
959,bezahlen,pay
960,dagegen,against it
961,seien,be
962,starb,died
963,tom,Tom
964,monaten,months
965,leiche,corpse
966,niemanden,nobody
967,auge,eye
968,arschloch,asshole
969,verheiratet,married
970,peter,Peter
971,zieh,pull
972,nimmt,takes
973,gerettet,rescued
974,agent,agent
975,traum,dream
976,entscheidung,decision
977,schlimmer,worse
978,regeln,regulate
979,fenster,window
980,fangen,catch
981,fort,on
982,ständig,constant
983,findest,find
984,gefahr,danger
985,absolut,absolutely
986,mary,Mary
987,augenblick,moment
988,bescheid,notice
989,rum,rum
990,gedanken,thoughts
991,werd,werry
992,ziel,goal
993,benutzt,used
994,bewegung,movement
995,jemandem,someone
996,wünschte,wish
997,worte,words
998,kamen,came
999,welcher,which
1000,zahlen,pay
1001,anfang,beginning
1002,legen,place
1003,erinnerst,reminded
1004,anwalt,attorney
1005,fahr,driving
1006,sitzt,sitting
1007,hilf,help
1008,offen,open
1009,schönen,beautiful
1010,monsieur,Monsieur
1011,müsste,should
1012,arme,poor
1013,bier,beer
1014,fürs,for
1015,partner,partner
1016,klein,small
1017,david,David
1018,klappe,flap
1019,süß,sweet
1020,herum,around
1021,finger,finger
1022,ehe,before
1023,rolle,role
1024,ließ,left
1025,gleiche,same
1026,monat,month
1027,hochzeit,wedding
1028,max,Max
1029,führt,leads
1030,paris,Paris
1031,wach,awake
1032,wozu,for what reason
1033,arm,poor
1034,geschrieben,written
1035,chef,boss
1036,benutzen,use
1037,informationen,information
1038,erledigt,completed
1039,hoffentlich,hopefully
1040,müsst,must
1041,fühlt,feels
1042,tanzen,dance
1043,ansehen,view
1044,darfst,may
1045,zuhause,at home
1046,wunderbar,wonderful
1047,hältst,hold
1048,reise,trip
1049,gewonnen,won
1050,dame,lady
1051,irgendwann,sometime
1052,chffffff,CHFFFFFF
1053,alex,Alex
1054,steckt,plugged
1055,jedenfalls,anyway
1056,schreit,cries
1057,tolle,great
1058,rüber,over
1059,tschüss,bye
1060,nennt,calls
1061,raum,space
1062,heiß,hot
1063,foto,photo
1064,kalt,cold
1065,paul,Paul
1066,irgendetwas,anything
1067,weile,while
1068,bisher,until now
1069,minute,minute
1070,unbedingt,absolutely
1071,zug,train
1072,sekunden,seconds
1073,wofür,for what
1074,erzähl,tell
1075,nen,nen
1076,beweise,proofs
1077,nahm,took
1078,aller,all
1079,freut,happy
1080,seele,soul
1081,schießen,shoot
1082,müde,tired
1083,dauert,lasts
1084,magst,like
1085,harry,Harry
1086,brief,letter
1087,gelernt,learned
1088,sucht,seeks
1089,bekannt,known
1090,weitere,more
1091,unfall,accident
1092,dahin,then
1093,kontrolle,control
1094,beispiel,example
1095,lady,lady
1096,dasselbe,the same thing
1097,herzen,heart
1098,schlagen,hit
1099,wütend,angry
1100,weise,way
1101,damen,ladies
1102,darin,in this
1103,gottes,God
1104,holt,get
1105,fehlt,missing
1106,vorsicht,caution
1107,heiße,name is
1108,beweisen,prove
1109,gehabt,had
1110,zumindest,at least
1111,vermisst,missing
1112,hübsch,pretty
1113,kriegt,gets
1114,verbindung,connection
1115,tief,deep
1116,richtung,direction
1117,lage,location
1118,sowieso,anyway
1119,kraft,power
1120,normal,normal
1121,lauf,run
1122,ehre,honor
1123,stell,stall
1124,geschenk,gift
1125,bar,bar
1126,tasche,bag
1127,gelesen,read
1128,gekauft,bought
1129,wussten,knew
1130,gestohlen,stolen
1131,hunger,hunger
1132,leg,leg
1133,lügen,lie
1134,beziehung,relationship
1135,ben,ben
1136,verschwunden,disappeared
1137,steh,standing
1138,nächstes,next
1139,gearbeitet,worked
1140,preis,price
1141,witz,joke
1142,meinte,meant
1143,liste,list
1144,geist,spirit
1145,neben,next to
1146,gesucht,wanted
1147,firma,company
1148,süße,sweetness
1149,rücken,back
1150,schrecklich,terrible
1151,letzter,last
1152,verliebt,in love
1153,öffnen,open
1154,redet,talking
1155,boot,boat
1156,seltsam,strange
1157,versteckt,hidden
1158,fürchte,fear
1159,verschwinde,disappear
1160,erwischt,caught
1161,verkauft,sold
1162,tante,aunt
1163,erwarten,expect
1164,pferd,horse
1165,wunder,wonder
1166,sauer,sour
1167,vermutlich,allegedly
1168,näher,closer
1169,major,major
1170,jung,young
1171,majestät,majesty
1172,aussehen,look
1173,ans,ans
1174,de,de
1175,and,and
1176,links,Left
1177,großes,big
1178,welches,which
1179,beschützen,to protect
1180,geboren,born
1181,erreichen,to reach
1182,punkt,point
1183,kindern,children
1184,kirche,church
1185,verraten,betrayed
1186,selber,himself
1187,befehl,command
1188,colonel,colonel
1189,fährt,moves
1190,zieht,pull
1191,geburtstag,birthday
1192,haut,skin
1193,wette,bet
1194,reich,rich
1195,sekunde,second
1196,fahre,drive
1197,schwöre,swear
1198,geredet,talked out
1199,james,James
1200,madame,Madame
1201,eigene,own
1202,zeiten,times
1203,traurig,sad
1204,anruf,call
1205,nachrichten,news
1206,frieden,peace
1207,karte,map
1208,güte,quality
1209,euren,yours
1210,diesmal,this time
1211,schade,Pity
1212,persönlich,personal
1213,kriege,wars
1214,stirbt,dies
1215,bleibe,stay
1216,verändert,changed
1217,sonne,sun
1218,lieb,dear
1219,nämlich,namely
1220,letztes,last
1221,bekam,got
1222,ruft,calls
1223,professor,professor
1224,gericht,court
1225,nase,nose
1226,ewig,forever
1227,singen,to sing
1228,bank,Bank
1229,beschäftigt,busy
1230,computer,computer
1231,yeah,yeah
1232,toten,kill
1233,weihnachten,Christmas
1234,offensichtlich,apparently
1235,naja,Oh well
1236,henry,henry
1237,gefühle,feelings
1238,fuß,foot
1239,show,show
1240,überraschung,surprise
1241,geheimnis,secret
1242,fbi,FBI
1243,kontakt,Contact
1244,gold,gold
1245,drogen,drugs
1246,regierung,government
1247,wein,wine
1248,kriegst,get
1249,ermordet,murdered
1250,fotos,photos
1251,entfernt,removed
1252,geschlafen,slept
1253,manche,some
1254,erledigen,complete
1255,ran,ran
1256,gegenüber,opposite
1257,schlaf,sleep
1258,lust,desire
1259,wunderschön,beautiful
1260,witzig,funny
1261,nick,nick
1262,zerstört,destroyed
1263,übrigens,by the way
1264,willen,sake
1265,heim,home
1266,richtigen,right
1267,deines,yours
1268,namens,called
1269,zeigt,shows
1270,geliebt,loved
1271,gehören,belong
1272,brachte,brought
1273,herrn,Mr
1274,blick,view
1275,besuch,visit
1276,schlechte,bad
1277,bewegen,move
1278,haare,hair
1279,antworten,answer
1280,präsident,president
1281,sagtest,says
1282,hoffnung,hope
1283,stecken,put
1284,lebe,live
1285,rechts,right
1286,interessant,Interesting
1287,entscheiden,decide
1288,miteinander,each other
1289,meint,means
1290,liebst,loving
1291,indem,by
1292,bleibst,stay
1293,kümmere,care
1294,wohnen,reside
1295,weder,neither
1296,möglichkeit,possibility
1297,kaputt,broken
1298,bekomme,Get
1299,flugzeug,airplane
1300,vergangenheit,past
1301,anderer,another
1302,zweite,second
1303,armee,army
1304,jim,Jim
1305,tee,tea
1306,entweder,either
1307,weiss,white
1308,don,Don
1309,detective,detective
1310,aufhalten,stop
1311,stellt,places
1312,verspreche,promise
1313,überrascht,surprised
1314,sauber,clean
1315,hau,hood
1316,mark,mark
1317,schlag,punch
1318,sheriff,sheriff
1319,untertitel,subtitle
1320,setzt,puts
1321,frag,question
1322,vaters,father
1323,nervös,nervous
1324,gesellschaft,company
1325,verstecken,hide
1326,schuldig,guilty
1327,hals,neck
1328,schützen,protect
1329,besuchen,visit
1330,of,of
1331,passen,fit
1332,überleben,survive
1333,erhalten,receive
1334,teilen,split
1335,gebäude,building
1336,schicksal,fate
1337,zeichen,sign
1338,richter,judge
1339,besorgt,worried
1340,küche,kitchen
1341,lief,ran
1342,vergnügen,enjoyment
1343,wüsste,desire
1344,volk,people
1345,lhr,LHR
1346,herausfinden,find out
1347,königin,queen
1348,soldaten,soldiers
1349,feiern,celebrate
1350,situation,situation
1351,lag,lag
1352,gelassen,calmly
1353,allerdings,however
1354,soweit,so far
1355,gefahren,driven
1356,verstand,understanding
1357,bord,board
1358,schönes,nice
1359,jimmy,Jimmy
1360,billy,Billy
1361,angefangen,begun
1362,lee,lee
1363,fühlst,feel
1364,bob,bob
1365,mussten,had to
1366,rat,advice
1367,worauf,whereupon
1368,gebeten,requested
1369,tony,tony
1370,kamera,camera
1371,achtung,danger
1372,lieutenant,lieutenant
1373,ganzes,whole
1374,schuhe,shoes
1375,sarah,Sarah
1376,glückwunsch,congratulations
1377,niemandem,no one
1378,gibst,give
1379,statt,instead of
1380,übernehmen,take over
1381,gegend,area
1382,wald,forest
1383,al,al
1384,la,la
1385,nimmst,take
1386,danny,Danny
1387,erkennen,recognize
1388,glas,glass
1389,falsche,false
1390,verantwortlich,responsible
1391,jesus,Jesus
1392,stöhnt,groaned
1393,herein,in
1394,kleid,a dress
1395,zerstören,destroy
1396,jawohl,yes indeed
1397,london,London
1398,gegessen,eaten
1399,abendessen,dinner
1400,gesetz,law
1401,gemeinsam,together
1402,geholfen,helpful
1403,erster,first
1404,wohnt,lives
1405,schritt,step
1406,guck,look
1407,nahe,vicinity
1408,aussieht,looks
1409,beginnen,begin
1410,dachten,thought
1411,band,tape
1412,ungefähr,approximately
1413,aufgabe,task
1414,neun,nine
1415,furchtbar,terrible
1416,drinnen,inside
1417,zuvor,before
1418,charles,Charles
1419,freue,am happy
1420,amerika,America
1421,übrig,left over
1422,spur,track
1423,falschen,false
1424,sergeant,sergeant
1425,melden,report
1426,helfe,help
1427,werfen,throw
1428,bill,bill
1429,haltet,hold
1430,erinnert,remind
1431,hängt,hangs
1432,freude,joy
1433,ehemann,husband
1434,erschossen,shot
1435,verzeihen,pardon
1436,schwein,pig
1437,uh,uh
1438,monster,monster
1439,entschieden,decided
1440,mission,mission
1441,verdammten,damn
1442,brauch,custom
1443,gewusst,known
1444,vorne,in front
1445,stopp,stop
1446,übel,bad
1447,schlampe,slut
1448,schöner,more beautiful
1449,adresse,address
1450,unsinn,nonsense
1451,messer,knife
1452,gesund,healthy
1453,respekt,respect
1454,pro,Per
1455,leisten,afford
1456,davor,before
1457,richard,Richard
1458,bedeuten,mean
1459,ball,ball
1460,mitnehmen,take along
1461,gespielt,played
1462,to,to
1463,schwierigkeiten,difficulties
1464,hälfte,half
1465,kannte,knew
1466,stehe,standing
1467,maria,Maria
1468,planeten,planet
1469,schwanger,pregnant
1470,gruppe,group
1471,anna,Anna
1472,verhaftet,arrested
1473,deal,deal
1474,seines,his
1475,irgendwelche,any
1476,händen,hands
1477,versteht,understands
1478,drehen,turn
1479,eis,ice
1480,danken,to thank
1481,erfolg,success
1482,zufrieden,satisfied
1483,schließen,close
1484,besorgen,obtain
1485,wochenende,weekend
1486,worüber,about what
1487,stimmen,voices
1488,nehmt,take
1489,martin,Martin
1490,m,M
1491,witze,jokes
1492,beine,legs
1493,verbrechen,crime
1494,bericht,report
1495,nachts,at night
1496,eurer,your
1497,prinzessin,princess
1498,schmerz,pain
1499,klingelt,rings
1500,position,position
1501,echte,real
1502,gleichen,resemble
1503,fernsehen,TV
1504,wünsche,wishes
1505,schließlich,finally
1506,gefangen,caught
1507,schätzchen,baby
1508,seh,see
1509,schwierig,difficult
1510,angebot,offer
1511,nah,close
1512,jane,Jane
1513,gewartet,waited
1514,kümmert,takes care
1515,ring,ring
1516,rennen,run
1517,lied,song
1518,eier,egg
1519,welchen,which
1520,sorry,sorry
1521,fantastisch,fantastic
1522,schaut,looks
1523,hielt,held
1524,falle,cases
1525,drink,drink
1526,insel,island
1527,dauern,last
1528,daher,therefore
1529,zufällig,randomly
1530,dorf,village
1531,clark,Clark
1532,bewegt,emotional
1533,mitten,in the middle
1534,bullen,cops
1535,feind,enemy
1536,einverstanden,agreed
1537,neuer,newer
1538,bauen,build
1539,trägt,carries
1540,hängen,hang
1541,freunden,friends
1542,deren,whose
1543,halb,half
1544,verpasst,lost
1545,sprach,speech
1546,leise,quiet
1547,armen,arm
1548,wusstest,chewing test
1549,fanden,found
1550,unternehmen,company
1551,träume,dreams
1552,schläft,is sleeping
1553,kostet,costs
1554,spiele,gaming
1555,unseres,ours
1556,entlang,along
1557,johnny,Johnny
1558,versprechen,promise
1559,tiere,animals
1560,freiheit,freedom
1561,verdienen,earn
1562,aha,Aha
1563,unterhalten,entertain
1564,eingeladen,invited
1565,schaden,damage
1566,genannt,called
1567,beenden,finish
1568,ray,ray
1569,geändert,changed
1570,thomas,Thomas
1571,lächerlich,ridiculous
1572,geschlagen,beaten
1573,park,park
1574,schätzen,treasure
1575,männern,male
1576,t,T
1577,beginnt,begins
1578,ehren,to honor
1579,größte,greatest
1580,energie,energy
1581,fleisch,meat
1582,besonderes,special
1583,besteht,consists
1584,reichen,are sufficient
1585,robert,Robert
1586,zeitung,newspaper
1587,worum,what
1588,nachgedacht,thoughtful
1589,betrunken,drunk
1590,sowas,like this
1591,patienten,patient
1592,gespräch,conversation
1593,leiden,Suffer
1594,taxi,taxi
1595,tötet,killed
1596,see,lake
1597,unterschied,difference
1598,wind,wind
1599,singt,sings
1600,schreien,scream
1601,daniel,Daniel
1602,sahen,saw
1603,wand,wall
1604,bus,bus
1605,lhre,lhre
1606,angriff,attack
1607,verhalten,behave
1608,loch,hole
1609,interesse,interest
1610,treten,step
1611,quatsch,nonsense
1612,trifft,meets
1613,polizist,police officer
1614,blumen,flowers
1615,neuigkeiten,news
1616,bringst,brings
1617,flasche,bottle
1618,rief,called
1619,schuss,shot
1620,fassen,grasp
1621,meer,sea
1622,konntest,can
1623,schafft,creates
1624,maschine,machine
1625,spreche,speak
1626,bein,leg
1627,eddie,Eddie
1628,bekommst,get
1629,verbringen,spend
1630,bücher,Books
1631,blöd,stupid
1632,frühstück,breakfast
1633,tommy,Tommy
1634,meter,meter
1635,bilder,pictures
1636,aufpassen,watch out
1637,claire,claire
1638,dessen,whose
1639,muß,must
1640,freuen,be happy
1641,engel,Angel
1642,offenbar,apparently
1643,gelegenheit,opportunity
1644,fang,catch
1645,lüge,lie
1646,ohren,ears
1647,au,au
1648,angetan,impressed
1649,beeil,hurry
1650,brechen,break
1651,brüder,brothers
1652,zeitpunkt,time
1653,keinem,none
1654,ecke,corner
1655,brücke,bridge
1656,druck,pressure
1657,mitgebracht,brought
1658,seufzt,sigh
1659,date,date
1660,haufen,heap
1661,oma,granny
1662,auftrag,order
1663,leer,empty
1664,entkommen,escape
1665,bobby,Bobby
1666,weißen,white
1667,lösung,solution
1668,wart,wart
1669,pause,Break
1670,irre,crazy
1671,gestellt,placed
1672,keller,"basement, cellar"
1673,gebrochen,Broken
1674,weinen,cry
1675,nutzen,to use
1676,wünschen,wish
1677,fragt,asks
1678,maul,mouth
1679,verantwortung,responsibility
1680,schloss,lock
1681,hut,cap
1682,lächeln,smile
1683,ryan,ryan
1684,rot,red
1685,grad,Degree
1686,zweiten,second
1687,hinaus,out of
1688,mitkommen,come along
1689,vorhin,earlier
1690,fahrt,drive
1691,gemeint,meant
1692,ernsthaft,seriously
1693,gebaut,built -up
1694,bombe,bomb
1695,hasst,hate
1696,versteh,understand
1697,kosten,cost
1698,zeige,show
1699,traf,met
1700,eigenes,own
1701,haar,hair
1702,fragte,asked
1703,jason,Jason
1704,operation,surgery
1705,befehle,commands
1706,schmerzen,pains
1707,erklärt,explained
1708,steve,Steve
1709,dach,roof
1710,folge,consequence
1711,gelaufen,ran
1712,schwarze,black
1713,dankbar,thankful
1714,gehirn,brain
1715,töte,killing
1716,mädels,girls
1717,mut,courage
1718,heilige,holy
1719,laura,Laura
1720,tier,animal
1721,system,system
1722,mannes,man
1723,wahnsinn,craziness
1724,nee,no
1725,rose,rose
1726,club,club
1727,geschlossen,closed
1728,hintern,butt
1729,is,is
1730,thema,theme
1731,fiel,fell
1732,gehalten,held
1733,dorthin,there
1734,urlaub,vacation
1735,steig,climb
1736,vorwärts,forward
1737,überprüfen,check
1738,besseres,better
1739,beweis,proof
1740,baum,tree
1741,gebt,giving
1742,funktionieren,function
1743,anscheinend,apparently
1744,lehrer,teacher
1745,hoffen,hope
1746,bessere,better
1747,isst,eats
1748,nachmittag,afternoon
1749,nem,nem
1750,risiko,risk
1751,chuck,chuck
1752,knast,jail
1753,entschuldigt,sorry
1754,gilt,applies
1755,held,hero
1756,daraus,from this
1757,erstes,first
1758,fräulein,young lady
1759,rachel,wing
1760,prima,fine
1761,brauchte,needed
1762,gewalt,force
1763,dean,dean
1764,liebes,Dear
1765,schaffst,manage
1766,nachdenken,ponder
1767,tor,goal
1768,erfahrung,experience
1769,pläne,plans
1770,jagen,to hunt
1771,katze,cat
1772,runde,round
1773,deutsche,German
1774,schwanz,tail
1775,taten,act
1776,lord,lord
1777,dringend,urgent
1778,commander,commander
1779,großvater,grandfather
1780,sommer,summer
1781,gezeigt,shown
1782,hinterlassen,leave behind
1783,gewissen,conscience
1784,getrunken,drunk
1785,wahre,real
1786,luke,hatch
1787,kunden,customers
1788,kate,Kate
1789,zeugen,witness
1790,geplant,planned
1791,amanda,amanda
1792,erreicht,reached
1793,stören,disturb
1794,stein,stone
1795,atmen,breathe
1796,hose,trousers
1797,weiße,white
1798,sprichst,speak
1799,größer,greater
1800,schickt,sends
1801,city,City
1802,prinz,prince
1803,behandelt,treated
1804,tote,dead
1805,überlegen,superior
1806,karten,cards
1807,it,IT
1808,d,D
1809,restaurant,restaurant
1810,welchem,which
1811,roger,Roger
1812,natur,nature
1813,carter,carter
1814,emily,Emily
1815,mami,mommy
1816,verschwindet,disappears
1817,lautet,is the case
1818,streit,dispute
1819,küssen,kiss
1820,sprich,speaking
1821,längst,a long time ago
1822,fängt,catches
1823,drüber,over it
1824,gingen,went
1825,erlaubt,allowed
1826,einzigen,single
1827,bad,bath
1828,schmeckt,tastes
1829,kugel,bullet
1830,normalerweise,normally
1831,schwarzen,black
1832,rauf,up
1833,flug,flight
1834,beruhigen,calm
1835,walter,Walter
1836,halbe,half
1837,dan,Dan
1838,geschieht,happens
1839,einiges,some
1840,entdeckt,discovered
1841,morgens,In the morning
1842,schlechter,worse
1843,vollkommen,completely
1844,gelogen,lied
1845,verfolgt,tracked
1846,college,college
1847,weiteren,further
1848,chris,chris
1849,louis,louis
1850,eh,eh
1851,schwert,sword
1852,hunde,dogs
1853,steigen,climb
1854,verdammter,damn
1855,dürfte,should
1856,riecht,smells
1857,labor,laboratory
1858,bat,bat
1859,tim,Tim
1860,arthur,Arthur
1861,mindestens,at least
1862,fisch,fish
1863,eurem,of your
1864,füße,feet
1865,stehst,stand
1866,erschießen,shoot
1867,kuchen,cake
1868,versuchte,tried
1869,zustand,condition
1870,wunsch,wish
1871,gäste,Guests
1872,erwähnt,mentioned
1873,farbe,color
1874,van,van
1875,einigen,agree
1876,zufall,coincidence
1877,garten,garden
1878,junger,younger
1879,autos,cars
1880,abgesehen,beyond
1881,fair,fair
1882,vertraut,trusted
1883,koffer,suitcase
1884,hieß,was called
1885,kurs,course
1886,wirkt,acts
1887,idioten,idiot
1888,netter,nicer
1889,seitdem,since
1890,angegriffen,attacked
1891,geschichten,stories
1892,wahnsinnig,insane
1893,ähnlich,similar
1894,lily,lily
1895,aufgeben,give up
1896,england,England
1897,entführt,kidnapped
1898,ms.,MS.
1899,mistkerl,riots
1900,solchen,such
1901,ner,ner
1902,geschossen,shot
1903,lager,camp
1904,besprechen,discuss
1905,reihe,row
1906,polizisten,police officers
1907,vogel,bird
1908,legt,places
1909,strand,beach
1910,amerikaner,American
1911,schwarz,black
1912,fern,remote
1913,fick,fuck
1914,scherz,hoax
1915,san,San
1916,erzählte,told
1917,wichser,wanker
1918,jake,jake
1919,langweilig,boring
1920,womit,by which
1921,geschäfte,businesses
1922,my,my
1923,kapiert,Got it
1924,nachher,afterward
1925,verlangt,required
1926,schlägt,beats
1927,überzeugt,convinced
1928,irgendjemand,Someone
1929,rot,red
1930,soldat,soldier
1931,vorbereitet,prepared
1932,geschah,happened
1933,reisen,travel
1934,termin,meeting
1935,gang,corridor
1936,stehlen,steal
1937,rechte,right
1938,rache,revenge
1939,bemerkt,noticed
1940,frankreich,France
1941,stört,disturbs
1942,radio,radio
1943,beruhige,calm down
1944,pferde,horses
1945,vertrag,contract
1946,arbeitest,worker
1947,dienst,service
1948,zählt,counts
1949,fragst,asking
1950,wesen,beings
1951,bürgermeister,mayor
1952,emma,Emma
1953,fluss,flow
1954,woran,what
1955,geblieben,remained
1956,durcheinander,mixed up
1957,me,me
1958,ted,ted
1959,nette,nice
1960,test,test
1961,mister,Mister
1962,dadurch,through this
1963,direktor,director
1964,wichtiger,more important
1965,kevin,Kevin
1966,scott,scott
1967,karriere,Career
1968,akte,file
1969,erinnerung,memory
1970,großmutter,grandmother
1971,erzähle,tell
1972,lösen,solve
1973,bravo,Bravo
1974,griff,handle
1975,verfolgen,track
1976,zweifel,doubt
1977,such,search
1978,sprache,language
1979,nerven,annoy
1980,officer,officer
1981,andy,Andy
1982,langer,longer
1983,ziehe,pull
1984,entlassen,dismissed
1985,zweimal,twice
1986,abholen,pick up
1987,washington,Washington
1988,kollegen,colleagues
1989,doc,Doc
1990,fass,barrel
1991,szene,scene
1992,robin,Robin
1993,scheinen,seem
1994,bösen,nourish
1995,schaffe,creative
1996,pflicht,duty
1997,wache,guard
1998,neulich,recently
1999,beeilen,hurry up
